{
    "ADF Test": {
        "ADF Test (AIC)": {
            "Test Statistic": -10.381536758498513,
            "p-value": 2.132710086615116e-18,
            "Used Lag": 29,
            "Number of Observations": 3653,
            "Critical Values": {
                "1%": -3.4321413772460505,
                "5%": -2.862331530809709,
                "10%": -2.5671913438152263
            },
            "IC Best": 13732.31964163614
        },
        "ADF Test (BIC)": {
            "Test Statistic": -10.209987994299691,
            "p-value": 5.671512012608455e-18,
            "Used Lag": 28,
            "Number of Observations": 3654,
            "Critical Values": {
                "1%": -3.432140886649974,
                "5%": -2.8623313141020867,
                "10%": -2.5671912284473395
            },
            "IC Best": 13920.03730016247
        }
    },
    "KPSS Test": {
        "Test Statistic": 0.10999479686973397,
        "p-value": 0.1,
        "Lags Used": 30,
        "Critical Values": {
            "10%": 0.119,
            "5%": 0.146,
            "2.5%": 0.176,
            "1%": 0.216
        }
    }
}