{
    "ADF Test": {
        "ADF Test (AIC)": {
            "Test Statistic": -10.38459816710438,
            "p-value": 2.0959489678933347e-18,
            "Used Lag": 29,
            "Number of Observations": 3654,
            "Critical Values": {
                "1%": -3.432140886649974,
                "5%": -2.8623313141020867,
                "10%": -2.5671912284473395
            },
            "IC Best": 13735.583260107493
        },
        "ADF Test (BIC)": {
            "Test Statistic": -10.209934998639678,
            "p-value": 5.673232162047344e-18,
            "Used Lag": 28,
            "Number of Observations": 3655,
            "Critical Values": {
                "1%": -3.432140396322538,
                "5%": -2.862331097513094,
                "10%": -2.5671911131426133
            },
            "IC Best": 13923.316040966043
        }
    },
    "KPSS Test": {
        "Test Statistic": 0.11099691794811353,
        "p-value": 0.1,
        "Lags Used": 30,
        "Critical Values": {
            "10%": 0.119,
            "5%": 0.146,
            "2.5%": 0.176,
            "1%": 0.216
        }
    }
}