,ADF Test,KPSS Test
Test Statistic,-1.8753131224194484,2.3600494565101586
p-value,0.3437622104595994,0.01
Used Lag,16,
Number of Observations,1409,
Critical Values,"{'1%': np.float64(-3.434999576596685), '5%': np.float64(-2.8635934599975106), '10%': np.float64(-2.5678632530961614)}","{'10%': 0.347, '5%': 0.463, '2.5%': 0.574, '1%': 0.739}"
IC Best,1476.2466065333542,
Lags Used,,25
