{
    "ADF Test": {
        "ADF Test (AIC)": {
            "Test Statistic": -9.993421831372366,
            "p-value": 1.9686234453752174e-17,
            "Used Lag": 28,
            "Number of Observations": 3655,
            "Critical Values": {
                "1%": -3.432140396322538,
                "5%": -2.862331097513094,
                "10%": -2.5671911131426133
            },
            "IC Best": 5039.92379994755
        },
        "ADF Test (BIC)": {
            "Test Statistic": -9.993421831372366,
            "p-value": 1.9686234453752174e-17,
            "Used Lag": 28,
            "Number of Observations": 3655,
            "Critical Values": {
                "1%": -3.432140396322538,
                "5%": -2.862331097513094,
                "10%": -2.5671911131426133
            },
            "IC Best": 5226.0229207514085
        }
    },
    "KPSS Test": {
        "Test Statistic": 0.0880552035233978,
        "p-value": 0.1,
        "Lags Used": 31,
        "Critical Values": {
            "10%": 0.347,
            "5%": 0.463,
            "2.5%": 0.574,
            "1%": 0.739
        }
    }
}