{
    "ADF Test": {
        "ADF Test (AIC)": {
            "Test Statistic": -9.993480130407162,
            "p-value": 1.9679614164705406e-17,
            "Used Lag": 28,
            "Number of Observations": 3654,
            "Critical Values": {
                "1%": -3.432140886649974,
                "5%": -2.8623313141020867,
                "10%": -2.5671912284473395
            },
            "IC Best": 5039.227780037734
        },
        "ADF Test (BIC)": {
            "Test Statistic": -9.993480130407162,
            "p-value": 1.9679614164705406e-17,
            "Used Lag": 28,
            "Number of Observations": 3654,
            "Critical Values": {
                "1%": -3.432140886649974,
                "5%": -2.8623313141020867,
                "10%": -2.5671912284473395
            },
            "IC Best": 5225.31868728918
        }
    },
    "KPSS Test": {
        "Test Statistic": 0.08774220007459164,
        "p-value": 0.1,
        "Lags Used": 31,
        "Critical Values": {
            "10%": 0.347,
            "5%": 0.463,
            "2.5%": 0.574,
            "1%": 0.739
        }
    }
}